"SiteID","layerID","SimYear","nvar","Value","sd"
"JO101","1","5","11","12.8732987192717","0.5"
"JO101","1","18","11","13.4217356507402","0.5"
"JO101","1","30","11","14.147522460543","0.5"
"JO101","2","5","11","19.5907381306414","0.5"
"JO101","2","18","11","20.3165337628644","0.5"
"JO101","2","30","11","20.9549361611734","0.5"
"JO101","3","5","11","22.9463365742175","0.5"
"JO101","3","18","11","23.4128424908766","0.5"
"JO101","3","30","11","23.9023307835565","0.5"
"JO101","1","5","12","13.5850494696751","0.5"
"JO101","1","18","12","14.3492432589103","0.5"
"JO101","1","30","12","15.3671324581787","0.5"
"JO101","2","5","12","24.2250360633823","0.5"
"JO101","2","18","12","25.8484052085734","0.5"
"JO101","2","30","12","27.3896397186168","0.5"
"JO101","3","5","12","32.6730658555426","0.5"
"JO101","3","18","12","34.059323365767","0.5"
"JO101","3","30","12","35.5970951197517","0.5"
"JO101","1","5","13","7.37959132580538","0.5"
"JO101","1","18","13","8.29856608184265","0.5"
"JO101","1","30","13","9.56566857380584","0.5"
"JO101","2","5","13","6.11480084968569","0.5"
"JO101","2","18","13","6.95481363787039","0.5"
"JO101","2","30","13","7.81536949676646","0.5"
"JO101","3","5","13","2.10480326430439","0.5"
"JO101","3","18","13","2.28494905929515","0.5"
"JO101","3","30","13","2.49616226038681","0.5"
"JO101","1","5","14","5.84577824414863","0.5"
"JO101","1","18","14","5.90326660458363","0.5"
"JO101","1","30","14","5.98649846371899","0.5"
"JO101","2","5","14","6.7577435911136","0.5"
"JO101","2","18","14","6.8441972766116","0.5"
"JO101","2","30","14","6.9171582268337","0.5"
"JO101","3","5","14","7.22659260540195","0.5"
"JO101","3","18","14","7.28080197607704","0.5"
"JO101","3","30","14","7.33746334384527","0.5"
"JO101","1","5","17","481.25","0.5"
"JO101","1","18","17","481.25","0.5"
"JO101","1","30","17","481.25","0.5"
"JO101","2","5","17","131.25","0.5"
"JO101","2","18","17","131.25","0.5"
"JO101","2","30","17","131.25","0.5"
"JO101","3","5","17","25","0.5"
"JO101","3","18","17","25","0.5"
"JO101","3","30","17","25","0.5"
"JO101","1","5","30","62.4517101058224","0.5"
"JO101","1","18","30","71.3995824853298","0.5"
"JO101","1","30","30","83.8464031111239","0.5"
"JO101","2","5","30","58.9876562006802","0.5"
"JO101","2","18","30","67.9724503640378","0.5"
"JO101","2","30","30","77.277329050735","0.5"
"JO101","3","5","30","21.7163289459022","0.5"
"JO101","3","18","30","23.7488379512859","0.5"
"JO101","3","30","30","26.1540819838516","0.5"
"JO101","1","5","31","10960.2751235718","0.5"
"JO101","1","18","31","12530.6267261754","0.5"
"JO101","1","30","31","14715.0437460023","0.5"
"JO101","2","5","31","10352.3336632194","0.5"
"JO101","2","18","31","11929.1650388886","0.5"
"JO101","2","30","31","13562.171248404","0.5"
"JO101","3","5","31","3811.21573000583","0.5"
"JO101","3","18","31","4167.92106045068","0.5"
"JO101","3","30","31","4590.04138816596","0.5"
"JO124","1","6","11","11.842086316726","0.5"
"JO124","1","18","11","12.7508113374756","0.5"
"JO124","1","30","11","14.0296446702942","0.5"
"JO124","2","6","11","20.7379309925013","0.5"
"JO124","2","18","11","21.5164757065275","0.5"
"JO124","2","30","11","22.4595869762747","0.5"
"JO124","3","6","11","24.5598819430997","0.5"
"JO124","3","18","11","25.4396585871078","0.5"
"JO124","3","30","11","26.5019323751501","0.5"
"JO124","1","6","12","12.5685126163699","0.5"
"JO124","1","18","12","13.3884303827635","0.5"
"JO124","1","30","12","14.6726289497536","0.5"
"JO124","2","6","12","23.333112701248","0.5"
"JO124","2","18","12","24.8310605486031","0.5"
"JO124","2","30","12","26.7851540541495","0.5"
"JO124","3","6","12","31.398500829405","0.5"
"JO124","3","18","12","33.682287782107","0.5"
"JO124","3","30","12","36.6314454913313","0.5"
"JO124","1","6","13","6.53106187628634","0.5"
"JO124","1","18","13","7.33759706775623","0.5"
"JO124","1","30","13","8.69361154055453","0.5"
"JO124","2","6","13","9.74460191038186","0.5"
"JO124","2","18","13","11.0496882210224","0.5"
"JO124","2","30","13","12.8857920474129","0.5"
"JO124","3","6","13","1.45588766675133","0.5"
"JO124","3","18","13","1.6780620809609","0.5"
"JO124","3","30","13","1.98515767158783","0.5"
"JO124","1","6","14","4.64898208800374","0.5"
"JO124","1","18","14","5.12189320861674","0.5"
"JO124","1","30","14","5.72982310411117","0.5"
"JO124","2","6","14","7.92334919216869","0.5"
"JO124","2","18","14","8.30160828522645","0.5"
"JO124","2","30","14","8.75615941751336","0.5"
"JO124","3","6","14","9.2930131124822","0.5"
"JO124","3","18","14","9.6973676171474","0.5"
"JO124","3","30","14","10.2100416073297","0.5"
"JO124","1","6","17","456.25","0.5"
"JO124","1","18","17","456.25","0.5"
"JO124","1","30","17","456.25","0.5"
"JO124","2","6","17","225","0.5"
"JO124","2","18","17","225","0.5"
"JO124","2","30","17","225","0.5"
"JO124","3","6","17","18.75","0.5"
"JO124","3","18","17","18.75","0.5"
"JO124","3","30","17","18.75","0.5"
"JO124","1","6","30","55.05354084729","0.5"
"JO124","1","18","30","65.4050087996429","0.5"
"JO124","1","30","30","83.0722900958777","0.5"
"JO124","2","6","30","111.371023685516","0.5"
"JO124","2","18","30","132.552041730653","0.5"
"JO124","2","30","30","163.458778006824","0.5"
"JO124","3","6","30","19.3226936755129","0.5"
"JO124","3","18","30","23.2958263538219","0.5"
"JO124","3","30","30","29.0312277783518","0.5"
"JO124","1","6","31","9661.89641869939","0.5"
"JO124","1","18","31","11478.5790443373","0.5"
"JO124","1","30","31","14579.1869118265","0.5"
"JO124","2","6","31","19545.614656808","0.5"
"JO124","2","18","31","23262.8833237296","0.5"
"JO124","2","30","31","28687.0155401975","0.5"
"JO124","3","6","31","3391.13274005251","0.5"
"JO124","3","18","31","4088.41752509575","0.5"
"JO124","3","30","31","5094.98047510074","0.5"
"JO135","1","7","11","13.8777058462577","0.5"
"JO135","1","18","11","14.5788942173482","0.5"
"JO135","1","30","11","15.5919086018689","0.5"
"JO135","2","7","11","21.9004117506882","0.5"
"JO135","2","18","11","22.7863014981811","0.5"
"JO135","2","30","11","23.9006872834102","0.5"
"JO135","3","7","11","26.8457509235576","0.5"
"JO135","3","18","11","27.6479327262905","0.5"
"JO135","3","30","11","28.5734892563548","0.5"
"JO135","1","7","12","14.6517856454272","0.5"
"JO135","1","18","12","15.4652818488859","0.5"
"JO135","1","30","12","16.611868633943","0.5"
"JO135","2","7","12","24.0096818165693","0.5"
"JO135","2","18","12","25.4863704863145","0.5"
"JO135","2","30","12","27.4673724882321","0.5"
"JO135","3","7","12","33.2983673537705","0.5"
"JO135","3","18","12","35.1487137756746","0.5"
"JO135","3","30","12","37.3995347483948","0.5"
"JO135","1","7","13","4.6356904864058","0.5"
"JO135","1","18","13","5.22342138536863","0.5"
"JO135","1","30","13","6.07961882987323","0.5"
"JO135","2","7","13","8.12595629131276","0.5"
"JO135","2","18","13","9.16568383331082","0.5"
"JO135","2","30","13","10.6567971531059","0.5"
"JO135","3","7","13","1.94183587247637","0.5"
"JO135","3","18","13","2.16588378855488","0.5"
"JO135","3","30","13","2.45349659599103","0.5"
"JO135","1","7","14","4.59037587573964","0.5"
"JO135","1","18","14","4.97269057200418","0.5"
"JO135","1","30","14","5.48621405244451","0.5"
"JO135","2","7","14","7.43873143138105","0.5"
"JO135","2","18","14","7.84188814360039","0.5"
"JO135","2","30","14","8.35070343154409","0.5"
"JO135","3","7","14","8.76686793263376","0.5"
"JO135","3","18","14","9.15119103979191","0.5"
"JO135","3","30","14","9.59414561991719","0.5"
"JO135","1","7","17","255.555555555556","0.5"
"JO135","1","18","17","255.555555555556","0.5"
"JO135","1","30","17","255.555555555556","0.5"
"JO135","2","7","17","177.777777777778","0.5"
"JO135","2","18","17","177.777777777778","0.5"
"JO135","2","30","17","177.777777777778","0.5"
"JO135","3","7","17","22.2222222222222","0.5"
"JO135","3","18","17","22.2222222222222","0.5"
"JO135","3","30","17","22.2222222222222","0.5"
"JO135","1","7","30","33.6159879288855","0.5"
"JO135","1","18","30","41.2601980002003","0.5"
"JO135","1","30","30","52.9788977947066","0.5"
"JO135","2","7","30","86.5700993213555","0.5"
"JO135","2","18","30","103.127744009145","0.5"
"JO135","2","30","30","128.054748861628","0.5"
"JO135","3","7","30","24.3454721517464","0.5"
"JO135","3","18","30","28.3771688365235","0.5"
"JO135","3","30","30","33.7225041645891","0.5"
"JO135","1","7","31","5899.6058815194","0.5"
"JO135","1","18","31","7241.16474903515","0.5"
"JO135","1","30","31","9297.796562971","0.5"
"JO135","2","7","31","15193.0524308979","0.5"
"JO135","2","18","31","18098.9190736049","0.5"
"JO135","2","30","31","22473.6084252156","0.5"
"JO135","3","7","31","4272.6303626315","0.5"
"JO135","3","18","31","4980.19313080987","0.5"
"JO135","3","30","31","5918.29948088539","0.5"
"JO144","1","7","11","14.5753374894124","0.5"
"JO144","1","18","11","15.1027123540345","0.5"
"JO144","1","30","11","15.9792890241878","0.5"
"JO144","2","7","11","22.1995357288893","0.5"
"JO144","2","18","11","23.0698548041735","0.5"
"JO144","2","30","11","24.460351216248","0.5"
"JO144","3","7","11","25.9129200095511","0.5"
"JO144","3","18","11","27.1089793591638","0.5"
"JO144","3","30","11","28.6236625403806","0.5"
"JO144","1","7","12","14.6211763573634","0.5"
"JO144","1","18","12","15.2549495974097","0.5"
"JO144","1","30","12","16.2652284917697","0.5"
"JO144","2","7","12","23.9203214992562","0.5"
"JO144","2","18","12","25.4351743748326","0.5"
"JO144","2","30","12","28.1019816741748","0.5"
"JO144","3","7","12","30.7382497875204","0.5"
"JO144","3","18","12","33.3878720495931","0.5"
"JO144","3","30","12","37.073575495223","0.5"
"JO144","1","7","13","9.74326564267331","0.5"
"JO144","1","18","13","10.7112252458294","0.5"
"JO144","1","30","13","12.277448809984","0.5"
"JO144","2","7","13","6.56991672334347","0.5"
"JO144","2","18","13","7.4485416487362","0.5"
"JO144","2","30","13","9.16008132641192","0.5"
"JO144","3","7","13","0.824528445227161","0.5"
"JO144","3","18","13","0.972802891830339","0.5"
"JO144","3","30","13","1.1994338952018","0.5"
"JO144","1","7","14","6.83974506926824","0.5"
"JO144","1","18","14","7.04903357785975","0.5"
"JO144","1","30","14","7.39124115204017","0.5"
"JO144","2","7","14","7.7200988610658","0.5"
"JO144","2","18","14","7.98219946378476","0.5"
"JO144","2","30","14","8.35283334897343","0.5"
"JO144","3","7","14","8.93122427198886","0.5"
"JO144","3","18","14","9.33067820387518","0.5"
"JO144","3","30","14","9.80319070871711","0.5"
"JO144","1","7","17","544.444444444444","0.5"
"JO144","1","18","17","544.444444444444","0.5"
"JO144","1","30","17","544.444444444444","0.5"
"JO144","2","7","17","144.444444444444","0.5"
"JO144","2","18","17","144.444444444444","0.5"
"JO144","2","30","17","144.444444444444","0.5"
"JO144","3","7","17","11.1111111111111","0.5"
"JO144","3","18","17","11.1111111111111","0.5"
"JO144","3","30","17","11.1111111111111","0.5"
"JO144","1","7","30","97.9036583202491","0.5"
"JO144","1","18","30","111.359680428762","0.5"
"JO144","1","30","30","133.792207750376","0.5"
"JO144","2","7","30","73.0146204571871","0.5"
"JO144","2","18","30","85.9276020008159","0.5"
"JO144","2","30","30","111.410619674007","0.5"
"JO144","3","7","30","10.4900038342216","0.5"
"JO144","3","18","30","12.9375816821969","0.5"
"JO144","3","30","30","16.7697914034754","0.5"
"JO144","1","7","31","17182.0920352037","0.5"
"JO144","1","18","31","19543.6239152477","0.5"
"JO144","1","30","31","23480.532460191","0.5"
"JO144","2","7","31","12814.0658902363","0.5"
"JO144","2","18","31","15080.2941511432","0.5"
"JO144","2","30","31","19552.5637527882","0.5"
"JO144","3","7","31","1840.99567290589","0.5"
"JO144","3","18","31","2270.54558522556","0.5"
"JO144","3","30","31","2943.09839130993","0.5"
"PA06B","1","6","11","12.2642393421483","0.5"
"PA06B","1","17","11","12.5239706018301","0.5"
"PA06B","1","30","11","13.3307567103474","0.5"
"PA06B","2","6","11","23.4338281484576","0.5"
"PA06B","2","17","11","24.1017693118019","0.5"
"PA06B","2","30","11","24.8327178629335","0.5"
"PA06B","3","6","11","27.0167515024667","0.5"
"PA06B","3","17","11","27.7346772888262","0.5"
"PA06B","3","30","11","28.6632853560015","0.5"
"PA06B","1","6","12","12.3941319079674","0.5"
"PA06B","1","17","12","12.652379461922","0.5"
"PA06B","1","30","12","13.2917386084722","0.5"
"PA06B","2","6","12","25.9945509234545","0.5"
"PA06B","2","17","12","27.2807501671628","0.5"
"PA06B","2","30","12","28.8236669962532","0.5"
"PA06B","3","6","12","33.3814850718795","0.5"
"PA06B","3","17","12","35.1164052880936","0.5"
"PA06B","3","30","12","37.4936758767073","0.5"
"PA06B","1","6","13","1.57012382961749","0.5"
"PA06B","1","17","13","1.64125635952869","0.5"
"PA06B","1","30","13","1.79587671420904","0.5"
"PA06B","2","6","13","9.05126222921164","0.5"
"PA06B","2","17","13","9.99115312008789","0.5"
"PA06B","2","30","13","11.2272569282895","0.5"
"PA06B","3","6","13","8.80597256530557","0.5"
"PA06B","3","17","13","9.74480807739975","0.5"
"PA06B","3","30","13","11.1057705586275","0.5"
"PA06B","1","6","14","6.32252115743868","0.5"
"PA06B","1","17","14","6.52686400942616","0.5"
"PA06B","1","30","14","6.90426855984113","0.5"
"PA06B","2","6","14","11.4286527717174","0.5"
"PA06B","2","17","14","11.8013085917968","0.5"
"PA06B","2","30","14","12.2177561597781","0.5"
"PA06B","3","6","14","13.2021078562679","0.5"
"PA06B","3","17","14","13.6005652744929","0.5"
"PA06B","3","30","14","14.1179327037681","0.5"
"PA06B","1","6","17","118.75","0.5"
"PA06B","1","17","17","118.75","0.5"
"PA06B","1","30","17","118.75","0.5"
"PA06B","2","6","17","168.75","0.5"
"PA06B","2","17","17","168.75","0.5"
"PA06B","2","30","17","168.75","0.5"
"PA06B","3","6","17","100","0.5"
"PA06B","3","17","17","100","0.5"
"PA06B","3","30","17","100","0.5"
"PA06B","1","6","30","16.3659130160878","0.5"
"PA06B","1","17","30","17.6589341124088","0.5"
"PA06B","1","30","30","20.2005781503605","0.5"
"PA06B","2","6","30","148.940922770916","0.5"
"PA06B","2","17","30","170.119397567502","0.5"
"PA06B","2","30","30","199.440464787404","0.5"
"PA06B","3","6","30","166.921646270262","0.5"
"PA06B","3","17","30","190.26170972242","0.5"
"PA06B","3","30","30","224.964913975175","0.5"
"PA06B","1","6","31","2872.21773432341","0.5"
"PA06B","1","17","31","3099.14293672774","0.5"
"PA06B","1","30","31","3545.20146538827","0.5"
"PA06B","2","6","31","26139.1319462958","0.5"
"PA06B","2","17","31","29855.9542730967","0.5"
"PA06B","2","30","31","35001.8015701895","0.5"
"PA06B","3","6","31","29294.7489204309","0.5"
"PA06B","3","17","31","33390.9300562846","0.5"
"PA06B","3","30","31","39481.3424026432","0.5"
"PA121","1","10","11","11.0928773680696","0.5"
"PA121","1","17","11","11.5647733829138","0.5"
"PA121","1","30","11","12.7851252890884","0.5"
"PA121","2","10","11","21.6876065811329","0.5"
"PA121","2","17","11","21.8955293057629","0.5"
"PA121","2","30","11","22.5022467284783","0.5"
"PA121","3","10","11","25.5145435662069","0.5"
"PA121","3","17","11","25.7971713714749","0.5"
"PA121","3","30","11","26.3043920312128","0.5"
"PA121","1","10","12","11.9379456357089","0.5"
"PA121","1","17","12","12.3726184594132","0.5"
"PA121","1","30","12","13.5301853538545","0.5"
"PA121","2","10","12","25.9661778877818","0.5"
"PA121","2","17","12","26.4058781072201","0.5"
"PA121","2","30","12","27.7158018316255","0.5"
"PA121","3","10","12","35.4254520721075","0.5"
"PA121","3","17","12","36.2319601440421","0.5"
"PA121","3","30","12","37.7323698933116","0.5"
"PA121","1","10","13","1.90515917450911","0.5"
"PA121","1","17","13","2.0406654904364","0.5"
"PA121","1","30","13","2.40941621133681","0.5"
"PA121","2","10","13","7.07710032826092","0.5"
"PA121","2","17","13","7.31988889171564","0.5"
"PA121","2","30","13","8.059262722738","0.5"
"PA121","3","10","13","11.6977390951975","0.5"
"PA121","3","17","13","12.2323753329854","0.5"
"PA121","3","30","13","13.2640303781272","0.5"
"PA121","1","10","14","4.54449557154254","0.5"
"PA121","1","17","14","4.6241249261739","0.5"
"PA121","1","30","14","4.81179382288704","0.5"
"PA121","2","10","14","6.22720630388597","0.5"
"PA121","2","17","14","6.25802658248885","0.5"
"PA121","2","30","14","6.3500091565348","0.5"
"PA121","3","10","14","6.838396183771","0.5"
"PA121","3","17","14","6.88083000096654","0.5"
"PA121","3","30","14","6.95745022027656","0.5"
"PA121","1","10","17","148","0.5"
"PA121","1","17","17","148","0.5"
"PA121","1","30","17","148","0.5"
"PA121","2","10","17","132","0.5"
"PA121","2","17","17","132","0.5"
"PA121","2","30","17","132","0.5"
"PA121","3","10","17","116","0.5"
"PA121","3","17","17","116","0.5"
"PA121","3","30","17","116","0.5"
"PA121","1","10","30","13.6113382565493","0.5"
"PA121","1","17","30","14.7821916444101","0.5"
"PA121","1","30","30","17.9786436939165","0.5"
"PA121","2","10","30","63.1876831925994","0.5"
"PA121","2","17","30","65.6892681194058","0.5"
"PA121","2","30","30","73.3839361637763","0.5"
"PA121","3","10","30","115.53475410094","0.5"
"PA121","3","17","30","121.545279196348","0.5"
"PA121","3","30","30","133.260076959194","0.5"
"PA121","1","10","31","2388.7898640244","0.5"
"PA121","1","17","31","2594.27463359398","0.5"
"PA121","1","30","31","3155.25196828235","0.5"
"PA121","2","10","31","11089.4384003012","0.5"
"PA121","2","17","31","11528.4665549557","0.5"
"PA121","2","30","31","12878.8807967427","0.5"
"PA121","3","10","31","20276.349344715","0.5"
"PA121","3","17","31","21331.1964989591","0.5"
"PA121","3","30","31","23387.1435063386","0.5"
"PA123","1","10","11","9.31930580354155","0.5"
"PA123","1","17","11","10.3960657101791","0.5"
"PA123","1","30","11","12.6762433684309","0.5"
"PA123","2","10","11","21.0063710775463","0.5"
"PA123","2","17","11","21.2911606344532","0.5"
"PA123","2","30","11","21.9302449526955","0.5"
"PA123","3","10","11","24.6599208409126","0.5"
"PA123","3","17","11","24.9555065828438","0.5"
"PA123","3","30","11","25.608309549646","0.5"
"PA123","1","10","12","11.1397814425296","0.5"
"PA123","1","17","12","11.9625217634597","0.5"
"PA123","1","30","12","14.0659000988342","0.5"
"PA123","2","10","12","25.8483770762192","0.5"
"PA123","2","17","12","26.4466458971161","0.5"
"PA123","2","30","12","27.8220292740715","0.5"
"PA123","3","10","12","34.5324486333124","0.5"
"PA123","3","17","12","35.3257462888878","0.5"
"PA123","3","30","12","37.1904047829508","0.5"
"PA123","1","10","13","2.09673349452502","0.5"
"PA123","1","17","13","2.36390710015691","0.5"
"PA123","1","30","13","3.16686048330262","0.5"
"PA123","2","10","13","6.36815596368123","0.5"
"PA123","2","17","13","6.67108403530363","0.5"
"PA123","2","30","13","7.38432609863342","0.5"
"PA123","3","10","13","7.97150861514528","0.5"
"PA123","3","17","13","8.32999575284641","0.5"
"PA123","3","30","13","9.22763045538601","0.5"
"PA123","1","10","14","3.99932139649823","0.5"
"PA123","1","17","14","4.17014556894465","0.5"
"PA123","1","30","14","4.53885350762604","0.5"
"PA123","2","10","14","5.85184505312448","0.5"
"PA123","2","17","14","5.9006200780589","0.5"
"PA123","2","30","14","6.01005389040978","0.5"
"PA123","3","10","14","6.42907300986538","0.5"
"PA123","3","17","14","6.4796263072441","0.5"
"PA123","3","30","14","6.59152814825653","0.5"
"PA123","1","10","17","184","0.5"
"PA123","1","17","17","184","0.5"
"PA123","1","30","17","184","0.5"
"PA123","2","10","17","120","0.5"
"PA123","2","17","17","120","0.5"
"PA123","2","30","17","120","0.5"
"PA123","3","10","17","84","0.5"
"PA123","3","17","17","84","0.5"
"PA123","3","30","17","84","0.5"
"PA123","1","10","30","13.4390642333053","0.5"
"PA123","1","17","30","15.468948985359","0.5"
"PA123","1","30","30","21.9295884923554","0.5"
"PA123","2","10","30","53.3767316418107","0.5"
"PA123","2","17","30","56.4168619117068","0.5"
"PA123","2","30","30","63.6338895700656","0.5"
"PA123","3","10","30","73.7063937646013","0.5"
"PA123","3","17","30","77.5562805574771","0.5"
"PA123","3","30","30","87.3680665207254","0.5"
"PA123","1","10","31","2358.55577294508","0.5"
"PA123","1","17","31","2714.80054693051","0.5"
"PA123","1","30","31","3848.64278040836","0.5"
"PA123","2","10","31","9367.61640313778","0.5"
"PA123","2","17","31","9901.15926550454","0.5"
"PA123","2","30","31","11167.7476195465","0.5"
"PA123","3","10","31","12935.4721056875","0.5"
"PA123","3","17","31","13611.1272378372","0.5"
"PA123","3","30","31","15333.0956743873","0.5"
"PA131","1","10","11","8.76137204073521","0.5"
"PA131","1","17","11","9.68172714313982","0.5"
"PA131","1","30","11","-Inf","0.5"
"PA131","2","10","11","17.9576033700696","0.5"
"PA131","2","17","11","17.2487660185843","0.5"
"PA131","2","30","11","18.1187839333967","0.5"
"PA131","3","10","11","25.5338975854863","0.5"
"PA131","3","17","11","25.6873793565563","0.5"
"PA131","3","30","11","26.0664559291869","0.5"
"PA131","1","10","12","11.0036316040578","0.5"
"PA131","1","17","12","11.7762343805724","0.5"
"PA131","1","30","12","13.5709100542764","0.5"
"PA131","2","10","12","22.7144153675199","0.5"
"PA131","2","17","12","21.9561663677648","0.5"
"PA131","2","30","12","23.5040162757181","0.5"
"PA131","3","10","12","44.0121460289956","0.5"
"PA131","3","17","12","44.6366813499744","0.5"
"PA131","3","30","12","46.2497889492778","0.5"
"PA131","1","10","13","2.29136144260021","0.5"
"PA131","1","17","13","2.57685053340253","0.5"
"PA131","1","30","13","3.46415882088978","0.5"
"PA131","2","10","13","2.95310337755971","0.5"
"PA131","2","17","13","3.17366831458295","0.5"
"PA131","2","30","13","3.61187022427626","0.5"
"PA131","3","10","13","2.46742257809269","0.5"
"PA131","3","17","13","2.54190659831665","0.5"
"PA131","3","30","13","2.74355600597262","0.5"
"PA131","1","10","14","3.63471671989443","0.5"
"PA131","1","17","14","3.57230578060385","0.5"
"PA131","1","30","14",NA,"0.5"
"PA131","2","10","14",NA,"0.5"
"PA131","2","17","14",NA,"0.5"
"PA131","2","30","14",NA,"0.5"
"PA131","3","10","14","5.95473199449554","0.5"
"PA131","3","17","14","5.94584559306145","0.5"
"PA131","3","30","14","5.93512549895592","0.5"
"PA131","1","10","17","208","0.5"
"PA131","1","17","17","208","0.5"
"PA131","1","30","17","208","0.5"
"PA131","2","10","17","72","0.5"
"PA131","2","17","17","80","0.5"
"PA131","2","30","17","80","0.5"
"PA131","3","10","17","16","0.5"
"PA131","3","17","17","16","0.5"
"PA131","3","30","17","16","0.5"
"PA131","1","10","30","14.779360815201","0.5"
"PA131","1","17","30","16.4964406561152","0.5"
"PA131","1","30","30",NA,"0.5"
"PA131","2","10","30",NA,"0.5"
"PA131","2","17","30",NA,"0.5"
"PA131","2","30","30",NA,"0.5"
"PA131","3","10","30","21.0942134393833","0.5"
"PA131","3","17","30","21.7082593369713","0.5"
"PA131","3","30","30","23.4405322236642","0.5"
"PA131","1","10","31","2593.77782306778","0.5"
"PA131","1","17","31","2895.12533514822","0.5"
"PA131","1","30","31",NA,"0.5"
"PA131","2","10","31",NA,"0.5"
"PA131","2","17","31",NA,"0.5"
"PA131","2","30","31",NA,"0.5"
"PA131","3","10","31","3702.03445861177","0.5"
"PA131","3","17","31","3809.79951363846","0.5"
"PA131","3","30","31","4113.81340525307","0.5"
"PA132","1","10","11","10.0754952137792","0.5"
"PA132","1","17","11","11.0258136134308","0.5"
"PA132","1","30","11","12.785798675004","0.5"
"PA132","2","10","11","19.9566924678869","0.5"
"PA132","2","17","11","20.2615569381231","0.5"
"PA132","2","30","11","20.9162702504791","0.5"
"PA132","3","10","11","23.897804070288","0.5"
"PA132","3","17","11","24.142364353571","0.5"
"PA132","3","30","11","24.661884835063","0.5"
"PA132","1","10","12","10.4309200355659","0.5"
"PA132","1","17","12","11.280906014859","0.5"
"PA132","1","30","12","13.2063153501247","0.5"
"PA132","2","10","12","24.4108080065678","0.5"
"PA132","2","17","12","25.1275764612339","0.5"
"PA132","2","30","12","26.7500669624016","0.5"
"PA132","3","10","12","36.0270901524037","0.5"
"PA132","3","17","12","36.7954321049847","0.5"
"PA132","3","30","12","38.6072854163809","0.5"
"PA132","1","10","13","3.83972051466317","0.5"
"PA132","1","17","13","4.40245829873744","0.5"
"PA132","1","30","13","5.93886675234615","0.5"
"PA132","2","10","13","5.09431868246691","0.5"
"PA132","2","17","13","5.40095383342054","0.5"
"PA132","2","30","13","6.13313655885883","0.5"
"PA132","3","10","13","4.28719012268458","0.5"
"PA132","3","17","13","4.45049010881818","0.5"
"PA132","3","30","13","4.88832131057837","0.5"
"PA132","1","10","14","4.8571797337055","0.5"
"PA132","1","17","14","5.07907863631999","0.5"
"PA132","1","30","14","5.51129451471208","0.5"
"PA132","2","10","14","6.74736601630812","0.5"
"PA132","2","17","14","6.82989320223587","0.5"
"PA132","2","30","14","7.00669977948912","0.5"
"PA132","3","10","14","7.61134972990443","0.5"
"PA132","3","17","14","7.67700135028773","0.5"
"PA132","3","30","14","7.8157101653379","0.5"
"PA132","1","10","17","384","0.5"
"PA132","1","17","17","384","0.5"
"PA132","1","30","17","384","0.5"
"PA132","2","10","17","108","0.5"
"PA132","2","17","17","108","0.5"
"PA132","2","30","17","108","0.5"
"PA132","3","10","17","40","0.5"
"PA132","3","17","17","40","0.5"
"PA132","3","30","17","40","0.5"
"PA132","1","10","30","29.1098687749057","0.5"
"PA132","1","17","30","34.2858224435127","0.5"
"PA132","1","30","30","49.3841176979672","0.5"
"PA132","2","10","30","49.1551804560932","0.5"
"PA132","2","17","30","52.7948268729057","0.5"
"PA132","2","30","30","61.6452126035821","0.5"
"PA132","3","10","30","48.0298549485642","0.5"
"PA132","3","17","30","50.1208201759018","0.5"
"PA132","3","30","30","55.9441995004701","0.5"
"PA132","1","10","31","5108.78196999595","0.5"
"PA132","1","17","31","6017.16183883648","0.5"
"PA132","1","30","31","8666.91265599325","0.5"
"PA132","2","10","31","8626.73417004436","0.5"
"PA132","2","17","31","9265.49211619496","0.5"
"PA132","2","30","31","10818.7348119287","0.5"
"PA132","3","10","31","8429.23954347301","0.5"
"PA132","3","17","31","8796.20394087077","0.5"
"PA132","3","30","31","9818.2070123325","0.5"
"PA6","1","4","11","13.415324770931","0.5"
"PA6","1","17","11","13.8768899081467","0.5"
"PA6","1","30","11","14.4884407862424","0.5"
"PA6","2","4","11","22.9509291451578","0.5"
"PA6","2","17","11","23.6879808728365","0.5"
"PA6","2","30","11","24.5296679444277","0.5"
"PA6","3","4","11","27.252462538352","0.5"
"PA6","3","17","11","28.159638404206","0.5"
"PA6","3","30","11","29.1553943595364","0.5"
"PA6","1","4","12","12.7449244504148","0.5"
"PA6","1","17","12","13.2147538094276","0.5"
"PA6","1","30","12","13.8480183133753","0.5"
"PA6","2","4","12","24.2090534187025","0.5"
"PA6","2","17","12","25.5614950524532","0.5"
"PA6","2","30","12","27.2175059911987","0.5"
"PA6","3","4","12","33.0851127540433","0.5"
"PA6","3","17","12","35.3777969217573","0.5"
"PA6","3","30","12","38.0847551441219","0.5"
"PA6","1","4","13","4.5600708240708","0.5"
"PA6","1","17","13","4.91851181962983","0.5"
"PA6","1","30","13","5.42185386759717","0.5"
"PA6","2","4","13","10.7751768366994","0.5"
"PA6","2","17","13","12.0219915123543","0.5"
"PA6","2","30","13","13.6609113123469","0.5"
"PA6","3","4","13","4.33290422278513","0.5"
"PA6","3","17","13","4.96118348359492","0.5"
"PA6","3","30","13","5.76046355953041","0.5"
"PA6","1","4","14","6.45005401037703","0.5"
"PA6","1","17","14","6.56179132159608","0.5"
"PA6","1","30","14","6.72298556233098","0.5"
"PA6","2","4","14","9.67206719826207","0.5"
"PA6","2","17","14","9.88990036973029","0.5"
"PA6","2","30","14","10.1384752167472","0.5"
"PA6","3","4","14","10.9994420392832","0.5"
"PA6","3","17","14","11.2696093997647","0.5"
"PA6","3","30","14","11.5663682016037","0.5"
"PA6","1","4","17","325","0.5"
"PA6","1","17","17","325","0.5"
"PA6","1","30","17","325","0.5"
"PA6","2","4","17","231.25","0.5"
"PA6","2","17","17","231.25","0.5"
"PA6","2","30","17","231.25","0.5"
"PA6","3","4","17","50","0.5"
"PA6","3","17","17","50","0.5"
"PA6","3","30","17","50","0.5"
"PA6","1","4","30","47.1734037578528","0.5"
"PA6","1","17","30","52.0783471927783","0.5"
"PA6","1","30","30","59.0901220973602","0.5"
"PA6","2","4","30","149.507743295685","0.5"
"PA6","2","17","30","170.779771576842","0.5"
"PA6","2","30","30","199.414547364034","0.5"
"PA6","3","4","30","68.3663775764086","0.5"
"PA6","3","17","30","80.325246245875","0.5"
"PA6","3","30","30","95.8923345698615","0.5"
"PA6","1","4","31","8278.93235950316","0.5"
"PA6","1","17","31","9139.74993233258","0.5"
"PA6","1","30","31","10370.3164280867","0.5"
"PA6","2","4","31","26238.6089483927","0.5"
"PA6","2","17","31","29971.8499117359","0.5"
"PA6","2","30","31","34997.253062388","0.5"
"PA6","3","4","31","11998.2992646597","0.5"
"PA6","3","17","31","14097.0807161511","0.5"
"PA6","3","30","31","16829.1047170107","0.5"
"PA61","1","6","11","14.8052389118409","0.5"
"PA61","1","17","11","14.9109451910113","0.5"
"PA61","1","30","11","15.4779962294996","0.5"
"PA61","2","6","11","22.0880943491755","0.5"
"PA61","2","17","11","22.6278949614901","0.5"
"PA61","2","30","11","23.6540368999138","0.5"
"PA61","3","6","11","27.5103159149582","0.5"
"PA61","3","17","11","27.8385467101828","0.5"
"PA61","3","30","11","28.8035796154294","0.5"
"PA61","1","6","12","14.1773443160762","0.5"
"PA61","1","17","12","14.3418163848908","0.5"
"PA61","1","30","12","15.0331337223494","0.5"
"PA61","2","6","12","23.7479445090675","0.5"
"PA61","2","17","12","24.7202025858453","0.5"
"PA61","2","30","12","26.7111298032623","0.5"
"PA61","3","6","12","35.4444760827173","0.5"
"PA61","3","17","12","36.3459745954882","0.5"
"PA61","3","30","12","39.0608595658746","0.5"
"PA61","1","6","13","10.0280859233063","0.5"
"PA61","1","17","13","10.3247308096215","0.5"
"PA61","1","30","13","11.4507387031919","0.5"
"PA61","2","6","13","8.97010223733234","0.5"
"PA61","2","17","13","9.71620431262113","0.5"
"PA61","2","30","13","11.3631406280343","0.5"
"PA61","3","6","13","6.60836632676491","0.5"
"PA61","3","17","13","6.95763289002776","0.5"
"PA61","3","30","13","8.03631618093033","0.5"
"PA61","1","6","14","8.09159294653143","0.5"
"PA61","1","17","14","8.19167781871812","0.5"
"PA61","1","30","14","8.54719656188311","0.5"
"PA61","2","6","14","9.64896021861494","0.5"
"PA61","2","17","14","9.83183729137068","0.5"
"PA61","2","30","14","10.2651309055718","0.5"
"PA61","3","6","14","10.9542781970452","0.5"
"PA61","3","17","14","11.1008559848406","0.5"
"PA61","3","30","14","11.5299773030398","0.5"
"PA61","1","6","17","600","0.5"
"PA61","1","17","17","600","0.5"
"PA61","1","30","17","600","0.5"
"PA61","2","6","17","200","0.5"
"PA61","2","17","17","200","0.5"
"PA61","2","30","17","200","0.5"
"PA61","3","6","17","66.6666666666667","0.5"
"PA61","3","17","17","66.6666666666667","0.5"
"PA61","3","30","17","66.6666666666667","0.5"
"PA61","1","6","30","117.859758244164","0.5"
"PA61","1","17","30","123.442774478859","0.5"
"PA61","1","30","30","143.583254305206","0.5"
"PA61","2","6","30","124.149738966188","0.5"
"PA61","2","17","30","137.022285558354","0.5"
"PA61","2","30","30","167.624582707139","0.5"
"PA61","3","6","30","103.68520322947","0.5"
"PA61","3","17","30","110.72228240629","0.5"
"PA61","3","30","30","132.941347807871","0.5"
"PA61","1","6","31","20684.3875718508","0.5"
"PA61","1","17","31","21664.2069210398","0.5"
"PA61","1","30","31","25198.8611305636","0.5"
"PA61","2","6","31","21788.2791885661","0.5"
"PA61","2","17","31","24047.4111154911","0.5"
"PA61","2","30","31","29418.1142651029","0.5"
"PA61","3","6","31","18196.753166772","0.5"
"PA61","3","17","31","19431.760562304","0.5"
"PA61","3","30","31","23331.2065402814","0.5"
"PA62","1","6","11","12.010859455521","0.5"
"PA62","1","18","11","12.1150032122674","0.5"
"PA62","1","30","11","12.7064709765877","0.5"
"PA62","2","6","11","22.4161711029938","0.5"
"PA62","2","18","11","23.0923514860163","0.5"
"PA62","2","30","11","24.1123068261557","0.5"
"PA62","3","6","11","27.7569457473222","0.5"
"PA62","3","18","11","28.3496365523165","0.5"
"PA62","3","30","11","29.3843255384769","0.5"
"PA62","1","6","12","11.7498483890272","0.5"
"PA62","1","18","12","11.9572787291218","0.5"
"PA62","1","30","12","12.5624226180371","0.5"
"PA62","2","6","12","24.0429682591236","0.5"
"PA62","2","18","12","25.2978893624055","0.5"
"PA62","2","30","12","27.3210491501259","0.5"
"PA62","3","6","12","35.5458423653081","0.5"
"PA62","3","18","12","37.1460708848849","0.5"
"PA62","3","30","12","40.1223282237651","0.5"
"PA62","1","6","13","7.57627357004341","0.5"
"PA62","1","18","13","7.98063145114545","0.5"
"PA62","1","30","13","8.91346630310512","0.5"
"PA62","2","6","13","11.2329914257131","0.5"
"PA62","2","18","13","12.4511003439112","0.5"
"PA62","2","30","13","14.5511677663734","0.5"
"PA62","3","6","13","2.20552021586767","0.5"
"PA62","3","18","13","2.40847582793584","0.5"
"PA62","3","30","13","2.81082658039809","0.5"
"PA62","1","6","14","5.44249950742266","0.5"
"PA62","1","18","14","5.52621651019654","0.5"
"PA62","1","30","14","5.8286390385768","0.5"
"PA62","2","6","14","8.5613979897244","0.5"
"PA62","2","18","14","8.83654896637069","0.5"
"PA62","2","30","14","9.25581566967302","0.5"
"PA62","3","6","14","10.4471694650999","0.5"
"PA62","3","18","14","10.7184741634921","0.5"
"PA62","3","30","14","11.1489249896556","0.5"
"PA62","1","6","17","622.222222222222","0.5"
"PA62","1","18","17","622.222222222222","0.5"
"PA62","1","30","17","622.222222222222","0.5"
"PA62","2","6","17","244.444444444444","0.5"
"PA62","2","18","17","244.444444444444","0.5"
"PA62","2","30","17","244.444444444444","0.5"
"PA62","3","6","17","22.2222222222222","0.5"
"PA62","3","18","17","22.2222222222222","0.5"
"PA62","3","30","17","22.2222222222222","0.5"
"PA62","1","6","30","66.1707790507344","0.5"
"PA62","1","18","30","72.198421830561","0.5"
"PA62","1","30","30","85.5606028300045","0.5"
"PA62","2","6","30","138.545743403168","0.5"
"PA62","2","18","30","158.766394214412","0.5"
"PA62","2","30","30","194.881846499641","0.5"
"PA62","3","6","30","32.8487465204734","0.5"
"PA62","3","18","30","36.8108400737806","0.5"
"PA62","3","30","30","44.7032600822695","0.5"
"PA62","1","6","31","11612.9717234039","0.5"
"PA62","1","18","31","12670.8230312635","0.5"
"PA62","1","30","31","15015.8857966658","0.5"
"PA62","2","6","31","24314.777967256","0.5"
"PA62","2","18","31","27863.5021846293","0.5"
"PA62","2","30","31","34201.764060687","0.5"
"PA62","3","6","31","5764.95501434308","0.5"
"PA62","3","18","31","6460.30243294849","0.5"
"PA62","3","30","31","7845.4221444383","0.5"
"PA63","1","6","11","10.4358714874267","0.5"
"PA63","1","17","11","11.0044733233986","0.5"
"PA63","1","30","11","12.0665287471016","0.5"
"PA63","2","6","11","21.1135329685882","0.5"
"PA63","2","17","11","21.870496495916","0.5"
"PA63","2","30","11","23.0384160551667","0.5"
"PA63","3","6","11",NA,"0.5"
"PA63","3","17","11",NA,"0.5"
"PA63","3","30","11",NA,"0.5"
"PA63","1","6","12","11.1625730204596","0.5"
"PA63","1","17","12","11.7242436850321","0.5"
"PA63","1","30","12","12.7902539018593","0.5"
"PA63","2","6","12","23.51479984708","0.5"
"PA63","2","17","12","24.9159515852618","0.5"
"PA63","2","30","12","27.2662980108356","0.5"
"PA63","3","6","12",NA,"0.5"
"PA63","3","17","12",NA,"0.5"
"PA63","3","30","12",NA,"0.5"
"PA63","1","6","13","10.6342736791089","0.5"
"PA63","1","17","13","11.8375909318964","0.5"
"PA63","1","30","13","14.2397224880013","0.5"
"PA63","2","6","13","5.85553600720968","0.5"
"PA63","2","17","13","6.57592065597034","0.5"
"PA63","2","30","13","7.89327772208314","0.5"
"PA63","3","6","13",NA,"0.5"
"PA63","3","17","13",NA,"0.5"
"PA63","3","30","13",NA,"0.5"
"PA63","1","6","14","3.91637193691606","0.5"
"PA63","1","17","14","4.09971516854222","0.5"
"PA63","1","30","14","4.42974076534822","0.5"
"PA63","2","6","14","6.47157299484732","0.5"
"PA63","2","17","14","6.6891821260849","0.5"
"PA63","2","30","14","7.02795026026358","0.5"
"PA63","3","6","14",NA,"0.5"
"PA63","3","17","14",NA,"0.5"
"PA63","3","30","14",NA,"0.5"
"PA63","1","6","17","955.555555555556","0.5"
"PA63","1","17","17","955.555555555556","0.5"
"PA63","1","30","17","955.555555555556","0.5"
"PA63","2","6","17","133.333333333333","0.5"
"PA63","2","17","17","133.333333333333","0.5"
"PA63","2","30","17","133.333333333333","0.5"
"PA63","3","6","17",NA,"0.5"
"PA63","3","17","17",NA,"0.5"
"PA63","3","30","17",NA,"0.5"
"PA63","1","6","30","70.0266052345988","0.5"
"PA63","1","17","30","81.9265000945417","0.5"
"PA63","1","30","30","106.539599238688","0.5"
"PA63","2","6","30","54.5034214849962","0.5"
"PA63","2","17","30","63.2872826479952","0.5"
"PA63","2","30","30","79.9712341969145","0.5"
"PA63","3","6","30",NA,"0.5"
"PA63","3","17","30",NA,"0.5"
"PA63","3","30","30",NA,"0.5"
"PA63","1","6","31","12289.6692186721","0.5"
"PA63","1","17","31","14378.1007665921","0.5"
"PA63","1","30","31","18697.6996663897","0.5"
"PA63","2","6","31","9565.35047061683","0.5"
"PA63","2","17","31","11106.9181047232","0.5"
"PA63","2","30","31","14034.9516015585","0.5"
"PA63","3","6","31",NA,"0.5"
"PA63","3","17","31",NA,"0.5"
"PA63","3","30","31",NA,"0.5"
"PA67","1","6","11","14.3496036002963","0.5"
"PA67","1","18","11","14.8091663468193","0.5"
"PA67","1","30","11","15.6412526667563","0.5"
"PA67","2","6","11","21.4246449082783","0.5"
"PA67","2","18","11","21.9728508164771","0.5"
"PA67","2","30","11","22.4698235138376","0.5"
"PA67","3","6","11","24.6035283732246","0.5"
"PA67","3","18","11","25.0759029942839","0.5"
"PA67","3","30","11","25.5947631503223","0.5"
"PA67","1","6","12","14.6050688760013","0.5"
"PA67","1","18","12","15.2002232427099","0.5"
"PA67","1","30","12","16.2677711995743","0.5"
"PA67","2","6","12","25.4295571625831","0.5"
"PA67","2","18","12","26.6299924478201","0.5"
"PA67","2","30","12","27.78885015867","0.5"
"PA67","3","6","12","33.0723541138697","0.5"
"PA67","3","18","12","34.3983188330336","0.5"
"PA67","3","30","12","35.9235810812811","0.5"
"PA67","1","6","13","3.91856251294628","0.5"
"PA67","1","18","13","4.25746182045228","0.5"
"PA67","1","30","13","4.87179044638472","0.5"
"PA67","2","6","13","12.4941090745881","0.5"
"PA67","2","18","13","13.7129390319335","0.5"
"PA67","2","30","13","14.9727569559311","0.5"
"PA67","3","6","13","4.31134504319987","0.5"
"PA67","3","18","13","4.66256528439416","0.5"
"PA67","3","30","13","5.08537456818214","0.5"
"PA67","1","6","14","7.56578675116147","0.5"
"PA67","1","18","14","7.75426497070639","0.5"
"PA67","1","30","14","8.11018289508256","0.5"
"PA67","2","6","14","10.7242335567853","0.5"
"PA67","2","18","14","10.9571942728838","0.5"
"PA67","2","30","14","11.1656573496132","0.5"
"PA67","3","6","14","12.0885003844425","0.5"
"PA67","3","18","14","12.2829396583538","0.5"
"PA67","3","30","14","12.5010854146847","0.5"
"PA67","1","6","17","218.75","0.5"
"PA67","1","18","17","218.75","0.5"
"PA67","1","30","17","218.75","0.5"
"PA67","2","6","17","243.75","0.5"
"PA67","2","18","17","243.75","0.5"
"PA67","2","30","17","243.75","0.5"
"PA67","3","6","17","50","0.5"
"PA67","3","18","17","50","0.5"
"PA67","3","30","17","50","0.5"
"PA67","1","6","30","45.8168313221544","0.5"
"PA67","1","18","30","51.1815681520113","0.5"
"PA67","1","30","30","61.0451733330219","0.5"
"PA67","2","6","30","192.264450929941","0.5"
"PA67","2","18","30","215.82979706233","0.5"
"PA67","2","30","30","240.818558064537","0.5"
"PA67","3","6","30","74.5083519601077","0.5"
"PA67","3","18","30","81.872064587096","0.5"
"PA67","3","30","30","90.9075981019408","0.5"
"PA67","1","6","31","8040.8538970381","0.5"
"PA67","1","18","31","8982.36521067799","0.5"
"PA67","1","30","31","10713.4279199453","0.5"
"PA67","2","6","31","33742.4111382046","0.5"
"PA67","2","18","31","37878.1293844389","0.5"
"PA67","2","30","31","42263.6569403263","0.5"
"PA67","3","6","31","13076.2157689989","0.5"
"PA67","3","18","31","14368.5473350353","0.5"
"PA67","3","30","31","15954.2834668906","0.5"
"PA7","1","4","11","14.2695807168862","0.5"
"PA7","1","18","11","14.7749233937493","0.5"
"PA7","1","30","11","15.3541892526045","0.5"
"PA7","2","4","11","21.2533971063671","0.5"
"PA7","2","18","11","22.1348171688104","0.5"
"PA7","2","30","11","22.8540927955313","0.5"
"PA7","3","4","11","26.0141078404661","0.5"
"PA7","3","18","11","26.8106784547513","0.5"
"PA7","3","30","11","27.4973535592466","0.5"
"PA7","1","4","12","14.7193773291913","0.5"
"PA7","1","18","12","15.3136950120157","0.5"
"PA7","1","30","12","16.0064926457956","0.5"
"PA7","2","4","12","23.944286146941","0.5"
"PA7","2","18","12","25.5486842440362","0.5"
"PA7","2","30","12","26.9407735773473","0.5"
"PA7","3","4","12","34.0450162937107","0.5"
"PA7","3","18","12","36.095647242012","0.5"
"PA7","3","30","12","37.9147745128141","0.5"
"PA7","1","4","13","7.14252379892238","0.5"
"PA7","1","18","13","7.76783327292683","0.5"
"PA7","1","30","13","8.51592993230142","0.5"
"PA7","2","4","13","9.69078250123505","0.5"
"PA7","2","18","13","11.0462815564886","0.5"
"PA7","2","30","13","12.2959089393162","0.5"
"PA7","3","4","13","5.8440053804233","0.5"
"PA7","3","18","13","6.57306595181254","0.5"
"PA7","3","30","13","7.23836200981096","0.5"
"PA7","1","4","14","8.92093214184763","0.5"
"PA7","1","18","14","9.16517726581924","0.5"
"PA7","1","30","14","9.41539982726268","0.5"
"PA7","2","4","14","10.5605271009347","0.5"
"PA7","2","18","14","10.8809122485549","0.5"
"PA7","2","30","14","11.1466993595359","0.5"
"PA7","3","4","14","11.9600209552019","0.5"
"PA7","3","18","14","12.2458854196948","0.5"
"PA7","3","30","14","12.4941072978807","0.5"
"PA7","1","4","17","400","0.5"
"PA7","1","18","17","400","0.5"
"PA7","1","30","17","400","0.5"
"PA7","2","4","17","212.5","0.5"
"PA7","2","18","17","212.5","0.5"
"PA7","2","30","17","212.5","0.5"
"PA7","3","4","17","62.5","0.5"
"PA7","3","18","17","62.5","0.5"
"PA7","3","30","17","62.5","0.5"
"PA7","1","4","30","92.5053592889048","0.5"
"PA7","1","18","30","103.414066638321","0.5"
"PA7","1","30","30","116.469359144264","0.5"
"PA7","2","4","30","146.273710247502","0.5"
"PA7","2","18","30","171.911552513684","0.5"
"PA7","2","30","30","196.184809923341","0.5"
"PA7","3","4","30","101.168260479162","0.5"
"PA7","3","18","30","116.551306554013","0.5"
"PA7","3","30","30","130.915198347143","0.5"
"PA7","1","4","31","16234.6905552028","0.5"
"PA7","1","18","31","18149.1686950254","0.5"
"PA7","1","30","31","20440.3725298183","0.5"
"PA7","2","4","31","25671.0361484365","0.5"
"PA7","2","18","31","30170.4774661516","0.5"
"PA7","2","30","31","34430.4341415464","0.5"
"PA7","3","4","31","17755.029714093","0.5"
"PA7","3","18","31","20454.7543002294","0.5"
"PA7","3","30","31","22975.6173099235","0.5"
"PA8","1","4","11","14.4871001436692","0.5"
"PA8","1","17","11","15.205737147404","0.5"
"PA8","1","30","11","16.3358713028956","0.5"
"PA8","2","4","11","22.4389555972274","0.5"
"PA8","2","17","11","23.2388980816776","0.5"
"PA8","2","30","11","24.2957720877033","0.5"
"PA8","3","4","11","26.6488555951448","0.5"
"PA8","3","17","11","27.4085174657184","0.5"
"PA8","3","30","11","28.9048616556928","0.5"
"PA8","1","4","12","15.0670343961702","0.5"
"PA8","1","17","12","15.7438876970509","0.5"
"PA8","1","30","12","16.8823680847132","0.5"
"PA8","2","4","12","24.0138541402256","0.5"
"PA8","2","17","12","25.2373333478962","0.5"
"PA8","2","30","12","26.9428083132506","0.5"
"PA8","3","4","12","30.914627423586","0.5"
"PA8","3","17","12","32.3789659061992","0.5"
"PA8","3","30","12","35.5133874985674","0.5"
"PA8","1","4","13","5.83736385720407","0.5"
"PA8","1","17","13","6.37587701667605","0.5"
"PA8","1","30","13","7.34233890916774","0.5"
"PA8","2","4","13","6.8665986979053","0.5"
"PA8","2","17","13","7.59465297789769","0.5"
"PA8","2","30","13","8.66769340116241","0.5"
"PA8","3","4","13","1.40835635165022","0.5"
"PA8","3","17","13","1.54431859121136","0.5"
"PA8","3","30","13","1.86098131321617","0.5"
"PA8","1","4","14","6.84493165038137","0.5"
"PA8","1","17","14","7.16857829344124","0.5"
"PA8","1","30","14","7.67399206000887","0.5"
"PA8","2","4","14","10.1483226867026","0.5"
"PA8","2","17","14","10.5029552304385","0.5"
"PA8","2","30","14","10.9744284871165","0.5"
"PA8","3","4","14","11.9495433875322","0.5"
"PA8","3","17","14","12.2856351498848","0.5"
"PA8","3","30","14","12.9467544909413","0.5"
"PA8","1","4","17","312.5","0.5"
"PA8","1","17","17","312.5","0.5"
"PA8","1","30","17","312.5","0.5"
"PA8","2","4","17","150","0.5"
"PA8","2","17","17","150","0.5"
"PA8","2","30","17","150","0.5"
"PA8","3","4","17","18.75","0.5"
"PA8","3","17","17","18.75","0.5"
"PA8","3","30","17","18.75","0.5"
"PA8","1","4","30","61.5189143312283","0.5"
"PA8","1","17","30","70.21289767368","0.5"
"PA8","1","30","30","86.4342487858979","0.5"
"PA8","2","4","30","100.449887442542","0.5"
"PA8","2","17","30","115.20660757823","0.5"
"PA8","2","30","30","137.62290643101","0.5"
"PA8","3","4","30","23.994316388816","0.5"
"PA8","3","17","30","27.0476939619025","0.5"
"PA8","3","30","30","34.4374408311953","0.5"
"PA8","1","4","31","10796.5694651306","0.5"
"PA8","1","17","31","12322.3635417308","0.5"
"PA8","1","30","31","15169.2106619251","0.5"
"PA8","2","4","31","17628.9552461661","0.5"
"PA8","2","17","31","20218.7596299793","0.5"
"PA8","2","30","31","24152.8200786422","0.5"
"PA8","3","4","31","4211.00252623721","0.5"
"PA8","3","17","31","4746.87029031389","0.5"
"PA8","3","30","31","6043.77086587478","0.5"
"VA101","1","1","11","12.102811258145","0.5"
"VA101","1","25","11","12.102811258145","0.5"
"VA101","1","30","11","12.9889854872507","0.5"
"VA101","2","1","11","25.9891908046967","0.5"
"VA101","2","25","11","25.9891908046967","0.5"
"VA101","2","30","11","26.7450938600078","0.5"
"VA101","3","1","11","32.4167599908896","0.5"
"VA101","3","25","11","32.4167599908896","0.5"
"VA101","3","30","11","32.8966035158402","0.5"
"VA101","1","1","12","10.7755447268691","0.5"
"VA101","1","25","12","10.7755447268691","0.5"
"VA101","1","30","12","11.4099590825749","0.5"
"VA101","2","1","12","25.6344623147681","0.5"
"VA101","2","25","12","25.6344623147681","0.5"
"VA101","2","30","12","27.0181484830562","0.5"
"VA101","3","1","12","39.6470213114991","0.5"
"VA101","3","25","12","39.6470213114991","0.5"
"VA101","3","30","12","40.9302947559996","0.5"
"VA101","1","1","13","0.289343824988274","0.5"
"VA101","1","25","13","0.289343824988274","0.5"
"VA101","1","30","13","0.325007184791825","0.5"
"VA101","2","1","13","3.13366013213948","0.5"
"VA101","2","25","13","3.13366013213948","0.5"
"VA101","2","30","13","3.49611824295475","0.5"
"VA101","3","1","13","18.6717857596427","0.5"
"VA101","3","25","13","18.6717857596427","0.5"
"VA101","3","30","13","19.8944904788272","0.5"
"VA101","1","1","14","5.16114025776903","0.5"
"VA101","1","25","14","5.16114025776903","0.5"
"VA101","1","30","14","5.47874014696174","0.5"
"VA101","2","1","14","8.64698191300759","0.5"
"VA101","2","25","14","8.64698191300759","0.5"
"VA101","2","30","14","8.99710141393181","0.5"
"VA101","3","1","14","11.2772278219385","0.5"
"VA101","3","25","14","11.2772278219385","0.5"
"VA101","3","30","14","11.5065302809179","0.5"
"VA101","1","1","17","28","0.5"
"VA101","1","25","17","28","0.5"
"VA101","1","30","17","28","0.5"
"VA101","2","1","17","60","0.5"
"VA101","2","25","17","60","0.5"
"VA101","2","30","17","60","0.5"
"VA101","3","1","17","148","0.5"
"VA101","3","25","17","148","0.5"
"VA101","3","30","17","148","0.5"
"VA101","1","1","30","2.66990543556503","0.5"
"VA101","1","25","30","2.66990543556503","0.5"
"VA101","1","30","30","3.14777470772844","0.5"
"VA101","2","1","30","39.2825182822466","0.5"
"VA101","2","25","30","39.2825182822466","0.5"
"VA101","2","30","30","45.7837441102856","0.5"
"VA101","3","1","30","306.775359094356","0.5"
"VA101","3","25","30","306.775359094356","0.5"
"VA101","3","30","30","333.234291634446","0.5"
"VA101","1","1","31","468.568403941663","0.5"
"VA101","1","25","31","468.568403941663","0.5"
"VA101","1","30","31","552.434461206341","0.5"
"VA101","2","1","31","6894.08195853428","0.5"
"VA101","2","25","31","6894.08195853428","0.5"
"VA101","2","30","31","8035.04709135512","0.5"
"VA101","3","1","31","53839.0755210595","0.5"
"VA101","3","25","31","53839.0755210595","0.5"
"VA101","3","30","31","58482.6181818452","0.5"
"VA109","1","3","11","12.3979021913469","0.5"
"VA109","1","17","11","13.1463361569044","0.5"
"VA109","1","30","11","14.0273467404281","0.5"
"VA109","2","3","11","22.1537974811782","0.5"
"VA109","2","17","11","23.0908973185015","0.5"
"VA109","2","30","11","24.0680314743386","0.5"
"VA109","3","3","11","26.6417350417785","0.5"
"VA109","3","17","11","27.2771393429125","0.5"
"VA109","3","30","11","27.897021664186","0.5"
"VA109","1","3","12","12.0875730837714","0.5"
"VA109","1","17","12","12.8188024319047","0.5"
"VA109","1","30","12","13.7469230392395","0.5"
"VA109","2","3","12","23.2418760842147","0.5"
"VA109","2","17","12","24.9225139409238","0.5"
"VA109","2","30","12","26.7980021623379","0.5"
"VA109","3","3","12","32.1469269454766","0.5"
"VA109","3","17","12","33.6758669118259","0.5"
"VA109","3","30","12","35.2433484254896","0.5"
"VA109","1","3","13","9.85937803448536","0.5"
"VA109","1","17","13","11.1458896785615","0.5"
"VA109","1","30","13","12.91136166637","0.5"
"VA109","2","3","13","6.4238108483359","0.5"
"VA109","2","17","13","7.40396812130183","0.5"
"VA109","2","30","13","8.57924775048681","0.5"
"VA109","3","3","13","2.53812706600484","0.5"
"VA109","3","17","13","2.78489916894432","0.5"
"VA109","3","30","13","3.05075153851584","0.5"
"VA109","1","3","14","5.82264749743958","0.5"
"VA109","1","17","14","6.11550795306712","0.5"
"VA109","1","30","14","6.45815587285594","0.5"
"VA109","2","3","14","8.69919957745352","0.5"
"VA109","2","17","14","9.02850837432802","0.5"
"VA109","2","30","14","9.37496651863713","0.5"
"VA109","3","3","14","10.1884090335618","0.5"
"VA109","3","17","14","10.4147948471382","0.5"
"VA109","3","30","14","10.6388324723769","0.5"
"VA109","1","3","17","768.75","0.5"
"VA109","1","17","17","768.75","0.5"
"VA109","1","30","17","768.75","0.5"
"VA109","2","3","17","150","0.5"
"VA109","2","17","17","150","0.5"
"VA109","2","30","17","150","0.5"
"VA109","3","3","17","31.25","0.5"
"VA109","3","17","17","31.25","0.5"
"VA109","3","30","17","31.25","0.5"
"VA109","1","3","30","91.704413216652","0.5"
"VA109","1","17","30","108.840477346171","0.5"
"VA109","1","30","30","133.308940188362","0.5"
"VA109","2","3","30","80.1099160424796","0.5"
"VA109","2","17","30","96.0844464043134","0.5"
"VA109","2","30","30","115.857443685415","0.5"
"VA109","3","3","30","36.8583569080791","0.5"
"VA109","3","17","30","41.3514229278842","0.5"
"VA109","3","30","30","46.3108214420418","0.5"
"VA109","1","3","31","16094.1245195224","0.5"
"VA109","1","17","31","19101.5037742531","0.5"
"VA109","1","30","31","23395.7190030576","0.5"
"VA109","2","3","31","14059.2902654552","0.5"
"VA109","2","17","31","16862.820343957","0.5"
"VA109","2","30","31","20332.9813667902","0.5"
"VA109","3","3","31","6468.64163736788","0.5"
"VA109","3","17","31","7257.17472384368","0.5"
"VA109","3","30","31","8127.54916307833","0.5"
"VA112","1","3","11","7.63163987339533","0.5"
"VA112","1","17","11","10.0980947843577","0.5"
"VA112","1","30","11","11.4305077602775","0.5"
"VA112","2","3","11","20.1452915112407","0.5"
"VA112","2","17","11","21.4983484466881","0.5"
"VA112","2","30","11","22.5696211436712","0.5"
"VA112","3","3","11","24.8754341140476","0.5"
"VA112","3","17","11","25.9139273851642","0.5"
"VA112","3","30","11","26.8869055647998","0.5"
"VA112","1","3","12","8.54781228187631","0.5"
"VA112","1","17","12","10.5750161732579","0.5"
"VA112","1","30","12","11.9955965650072","0.5"
"VA112","2","3","12","24.0627882986299","0.5"
"VA112","2","17","12","27.1691070963087","0.5"
"VA112","2","30","12","29.9292688691967","0.5"
"VA112","3","3","12","36.9375391174216","0.5"
"VA112","3","17","12","40.5315689062319","0.5"
"VA112","3","30","12","44.1995989659061","0.5"
"VA112","1","3","13","5.37050028143419","0.5"
"VA112","1","17","13","8.0893654635447","0.5"
"VA112","1","30","13","10.5238816039203","0.5"
"VA112","2","3","13","4.5812536670361","0.5"
"VA112","2","17","13","5.86082435484322","0.5"
"VA112","2","30","13","7.14257670421534","0.5"
"VA112","3","3","13","7.35510544723068","0.5"
"VA112","3","17","13","8.88292304119522","0.5"
"VA112","3","30","13","10.5759796820923","0.5"
"VA112","1","3","14","3.3927912853883","0.5"
"VA112","1","17","14","4.1776824340432","0.5"
"VA112","1","30","14","4.64283872543478","0.5"
"VA112","2","3","14","5.90609740309966","0.5"
"VA112","2","17","14","6.36427611117252","0.5"
"VA112","2","30","14","6.71879302032399","0.5"
"VA112","3","3","14","7.42112304849512","0.5"
"VA112","3","17","14","7.76333451972311","0.5"
"VA112","3","30","14","8.07856582112938","0.5"
"VA112","1","3","17","788.888888888889","0.5"
"VA112","1","17","17","788.888888888889","0.5"
"VA112","1","30","17","788.888888888889","0.5"
"VA112","2","3","17","100","0.5"
"VA112","2","17","17","100","0.5"
"VA112","2","30","17","100","0.5"
"VA112","3","3","17","66.6666666666667","0.5"
"VA112","3","17","17","66.6666666666667","0.5"
"VA112","3","30","17","66.6666666666667","0.5"
"VA112","1","3","30","31.0643525458045","0.5"
"VA112","1","17","30","54.3407751884247","0.5"
"VA112","1","30","30","77.7569501581951","0.5"
"VA112","2","3","30","38.8071343666845","0.5"
"VA112","2","17","30","53.7588775972957","0.5"
"VA112","2","30","30","69.4076353574057","0.5"
"VA112","3","3","30","79.9108787308926","0.5"
"VA112","3","17","30","101.116072647633","0.5"
"VA112","3","30","30","125.300523344208","0.5"
"VA112","1","3","31","5451.79387178869","0.5"
"VA112","1","17","31","9536.80604556853","0.5"
"VA112","1","30","31","13646.3447527632","0.5"
"VA112","2","3","31","6810.65208135314","0.5"
"VA112","2","17","31","9434.68301832539","0.5"
"VA112","2","30","31","12181.0400052247","0.5"
"VA112","3","3","31","14024.3592172717","0.5"
"VA112","3","17","31","17745.8707496596","0.5"
"VA112","3","30","31","21990.2418469086","0.5"
"VA207","1","6","11","14.7043490296215","0.5"
"VA207","1","17","11","16.0174999033157","0.5"
"VA207","1","30","11","17.3124829717475","0.5"
"VA207","2","6","11","22.4878152014203","0.5"
"VA207","2","17","11","22.8497539432631","0.5"
"VA207","2","30","11","23.4597861229845","0.5"
"VA207","3","6","11","26.2560267494718","0.5"
"VA207","3","17","11","26.9243214567857","0.5"
"VA207","3","30","11","27.7972647787209","0.5"
"VA207","1","6","12","14.2431635445118","0.5"
"VA207","1","17","12","15.7683097433582","0.5"
"VA207","1","30","12","17.5348535863511","0.5"
"VA207","2","6","12","26.5432986896287","0.5"
"VA207","2","17","12","27.8534787266582","0.5"
"VA207","2","30","12","29.6692105126998","0.5"
"VA207","3","6","12","36.5194310544435","0.5"
"VA207","3","17","12","38.6471707151601","0.5"
"VA207","3","30","12","41.6397005976094","0.5"
"VA207","1","6","13","0.606946275895587","0.5"
"VA207","1","17","13","0.738252282445026","0.5"
"VA207","1","30","13","0.910135099708231","0.5"
"VA207","2","6","13","5.14086766081515","0.5"
"VA207","2","17","13","5.76299411241288","0.5"
"VA207","2","30","13","6.64142425906109","0.5"
"VA207","3","6","13","8.04874467053378","0.5"
"VA207","3","17","13","9.01692697770239","0.5"
"VA207","3","30","13","10.4856372512189","0.5"
"VA207","1","6","14","4.60696301319252","0.5"
"VA207","1","17","14","4.74830991910994","0.5"
"VA207","1","30","14","4.8869358960708","0.5"
"VA207","2","6","14","5.24317229382575","0.5"
"VA207","2","17","14","5.28884251818797","0.5"
"VA207","2","30","14","5.36732174662972","0.5"
"VA207","3","6","14","5.22918085021032","0.5"
"VA207","3","17","14","5.32400298184722","0.5"
"VA207","3","30","14","5.4462544385934","0.5"
"VA207","1","6","17","36","0.5"
"VA207","1","17","17","36","0.5"
"VA207","1","30","17","36","0.5"
"VA207","2","6","17","92","0.5"
"VA207","2","17","17","92","0.5"
"VA207","2","30","17","92","0.5"
"VA207","3","6","17","76","0.5"
"VA207","3","17","17","76","0.5"
"VA207","3","30","17","76","0.5"
"VA207","1","6","30","4.20702586487056","0.5"
"VA207","1","17","30","5.237628547113","0.5"
"VA207","1","30","30","6.60708618171639","0.5"
"VA207","2","6","30","38.3812336021691","0.5"
"VA207","2","17","30","44.1292950918248","0.5"
"VA207","2","30","30","52.4039876916142","0.5"
"VA207","3","6","30","59.9209300008326","0.5"
"VA207","3","17","30","68.3410906089468","0.5"
"VA207","3","30","30","81.3098969227999","0.5"
"VA207","1","6","31","738.333039284783","0.5"
"VA207","1","17","31","919.203810018331","0.5"
"VA207","1","30","31","1159.54362489123","0.5"
"VA207","2","6","31","6735.90649718068","0.5"
"VA207","2","17","31","7744.69128861525","0.5"
"VA207","2","30","31","9196.8998398783","0.5"
"VA207","3","6","31","10516.1232151461","0.5"
"VA207","3","17","31","11993.8614018702","0.5"
"VA207","3","30","31","14269.8869099514","0.5"
"VA209","1","6","11","16.3997290603709","0.5"
"VA209","1","17","11","16.5127270128244","0.5"
"VA209","1","30","11","17.1126687869103","0.5"
"VA209","2","6","11","23.1854600816804","0.5"
"VA209","2","17","11","23.6338149665861","0.5"
"VA209","2","30","11","24.7347708830262","0.5"
"VA209","3","6","11","28.2293034670905","0.5"
"VA209","3","17","11","28.8886726447587","0.5"
"VA209","3","30","11","30.346197239716","0.5"
"VA209","1","6","12","14.5124749606727","0.5"
"VA209","1","17","12","14.660355178164","0.5"
"VA209","1","30","12","15.3721066059393","0.5"
"VA209","2","6","12","23.1032474849529","0.5"
"VA209","2","17","12","23.8825292030067","0.5"
"VA209","2","30","12","25.9169778470262","0.5"
"VA209","3","6","12","33.4023321956026","0.5"
"VA209","3","17","12","35.0419128254347","0.5"
"VA209","3","30","12","39.2842531965084","0.5"
"VA209","1","6","13","4.73219574031787","0.5"
"VA209","1","17","13","4.84391372032264","0.5"
"VA209","1","30","13","5.35709778902505","0.5"
"VA209","2","6","13","7.15043177668009","0.5"
"VA209","2","17","13","7.6445650311816","0.5"
"VA209","2","30","13","9.01725939747505","0.5"
"VA209","3","6","13","6.61622848962975","0.5"
"VA209","3","17","13","7.2719377812962","0.5"
"VA209","3","30","13","9.29581558233952","0.5"
"VA209","1","6","14","7.24973723200416","0.5"
"VA209","1","17","14","7.3205914147805","0.5"
"VA209","1","30","14","7.59214768400936","0.5"
"VA209","2","6","14","9.12245766223677","0.5"
"VA209","2","17","14","9.28515377391853","0.5"
"VA209","2","30","14","9.6854737835101","0.5"
"VA209","3","6","14","11.0847181020269","0.5"
"VA209","3","17","14","11.3132281612582","0.5"
"VA209","3","30","14","11.8566650485358","0.5"
"VA209","1","6","17","268.75","0.5"
"VA209","1","17","17","268.75","0.5"
"VA209","1","30","17","268.75","0.5"
"VA209","2","6","17","168.75","0.5"
"VA209","2","17","17","168.75","0.5"
"VA209","2","30","17","168.75","0.5"
"VA209","3","6","17","75","0.5"
"VA209","3","17","17","75","0.5"
"VA209","3","30","17","75","0.5"
"VA209","1","6","30","50.990814935363","0.5"
"VA209","1","17","30","52.7908609795884","0.5"
"VA209","1","30","30","60.6878793877579","0.5"
"VA209","2","6","30","93.7136098983213","0.5"
"VA209","2","17","30","102.025661402579","0.5"
"VA209","2","30","30","125.719565293454","0.5"
"VA209","3","6","30","104.810029185561","0.5"
"VA209","3","17","30","117.62184001932","0.5"
"VA209","3","30","30","160.089225946409","0.5"
"VA209","1","6","31","8948.88802115622","0.5"
"VA209","1","17","31","9264.79610191776","0.5"
"VA209","1","30","31","10650.7228325515","0.5"
"VA209","2","6","31","16446.7385371554","0.5"
"VA209","2","17","31","17905.5035761525","0.5"
"VA209","2","30","31","22063.7837090011","0.5"
"VA209","3","6","31","18394.160122066","0.5"
"VA209","3","17","31","20642.6329233906","0.5"
"VA209","3","30","31","28095.6591535947","0.5"
"VA211","1","6","11","13.2682303643915","0.5"
"VA211","1","17","11","13.5234632551705","0.5"
"VA211","1","30","11","14.8910686528911","0.5"
"VA211","2","6","11","24.2630484172678","0.5"
"VA211","2","17","11","24.8747015151672","0.5"
"VA211","2","30","11","25.9572905872745","0.5"
"VA211","3","6","11","30.8396752656634","0.5"
"VA211","3","17","11","31.3646822893904","0.5"
"VA211","3","30","11","31.5798761713281","0.5"
"VA211","1","6","12","11.9998227506905","0.5"
"VA211","1","17","12","12.2342698225925","0.5"
"VA211","1","30","12","13.4234441837458","0.5"
"VA211","2","6","12","25.2875162235834","0.5"
"VA211","2","17","12","26.4455830922832","0.5"
"VA211","2","30","12","28.6551078748145","0.5"
"VA211","3","6","12","40.9080338018718","0.5"
"VA211","3","17","12","42.5040023097114","0.5"
"VA211","3","30","12","43.2927652559872","0.5"
"VA211","1","6","13","2.25597277580431","0.5"
"VA211","1","17","13","2.35175208183063","0.5"
"VA211","1","30","13","2.80152997505426","0.5"
"VA211","2","6","13","6.66242462785309","0.5"
"VA211","2","17","13","7.29562735339967","0.5"
"VA211","2","30","13","8.60013934163319","0.5"
"VA211","3","6","13","10.9481607821877","0.5"
"VA211","3","17","13","11.8279392611329","0.5"
"VA211","3","30","13","12.3386640518362","0.5"
"VA211","1","6","14","6.81452418669352","0.5"
"VA211","1","17","14","6.94248228387206","0.5"
"VA211","1","30","14","7.51561375297683","0.5"
"VA211","2","6","14","10.8647126509102","0.5"
"VA211","2","17","14","11.1376295314349","0.5"
"VA211","2","30","14","11.6151244469887","0.5"
"VA211","3","6","14","13.688939698763","0.5"
"VA211","3","17","14","13.9232111893628","0.5"
"VA211","3","30","14","14.02763046226","0.5"
"VA211","1","6","17","181.25","0.5"
"VA211","1","17","17","181.25","0.5"
"VA211","1","30","17","181.25","0.5"
"VA211","2","6","17","131.25","0.5"
"VA211","2","17","17","131.25","0.5"
"VA211","2","30","17","131.25","0.5"
"VA211","3","6","17","81.25","0.5"
"VA211","3","17","17","81.25","0.5"
"VA211","3","30","17","81.25","0.5"
"VA211","1","6","30","24.340439083444","0.5"
"VA211","1","17","30","25.9312197622273","0.5"
"VA211","1","30","30","32.6053638299094","0.5"
"VA211","2","6","30","104.097200592125","0.5"
"VA211","2","17","30","116.935928918658","0.5"
"VA211","2","30","30","144.202646397745","0.5"
"VA211","3","6","30","218.201741623081","0.5"
"VA211","3","17","30","239.843756196386","0.5"
"VA211","3","30","30","253.406217983391","0.5"
"VA211","1","6","31","4271.74705914442","0.5"
"VA211","1","17","31","4550.9290682709","0.5"
"VA211","1","30","31","5722.2413521491","0.5"
"VA211","2","6","31","18269.0587039179","0.5"
"VA211","2","17","31","20522.2555252245","0.5"
"VA211","2","30","31","25307.5644428043","0.5"
"VA211","3","6","31","38294.4056548507","0.5"
"VA211","3","17","31","42092.5792124657","0.5"
"VA211","3","30","31","44472.7912560852","0.5"
"VA222","1","8","11","4.10039756471436","0.5"
"VA222","1","17","11","7.03975695572781","0.5"
"VA222","1","30","11","10.1991614265248","0.5"
"VA222","2","8","11","25.1062978197862","0.5"
"VA222","2","17","11","25.6396572447611","0.5"
"VA222","2","30","11","26.3620789225478","0.5"
"VA222","3","8","11","28.5632909524269","0.5"
"VA222","3","17","11","29.1066993567473","0.5"
"VA222","3","30","11","30.286493460815","0.5"
"VA222","1","8","12","6.00605389760304","0.5"
"VA222","1","17","12","7.51615168276686","0.5"
"VA222","1","30","12","9.62170085135584","0.5"
"VA222","2","8","12","28.9960536444346","0.5"
"VA222","2","17","12","30.194296810512","0.5"
"VA222","2","30","12","31.9096398540653","0.5"
"VA222","3","8","12","38.0198628248712","0.5"
"VA222","3","17","12","39.6256234234941","0.5"
"VA222","3","30","12","43.4293366693927","0.5"
"VA222","1","8","13","0.277641392353652","0.5"
"VA222","1","17","13","0.436851024852275","0.5"
"VA222","1","30","13","0.726889141816992","0.5"
"VA222","2","8","13","1.58536703352225","0.5"
"VA222","2","17","13","1.72004082739633","0.5"
"VA222","2","30","13","1.92404014635719","0.5"
"VA222","3","8","13","16.699993404951","0.5"
"VA222","3","17","13","18.1557037680669","0.5"
"VA222","3","30","13","21.9516556138803","0.5"
"VA222","1","8","14","1.11203349983261","0.5"
"VA222","1","17","14","1.97869619253296","0.5"
"VA222","1","30","14","3.0324844573174","0.5"
"VA222","2","8","14","6.42262264513402","0.5"
"VA222","2","17","14","6.61264343776283","0.5"
"VA222","2","30","14","6.93792825575613","0.5"
"VA222","3","8","14","7.39789442985775","0.5"
"VA222","3","17","14","7.5893662996733","0.5"
"VA222","3","30","14","7.99717742248946","0.5"
"VA222","1","8","17","96","0.5"
"VA222","1","17","17","96","0.5"
"VA222","1","30","17","96","0.5"
"VA222","2","8","17","24","0.5"
"VA222","2","17","17","24","0.5"
"VA222","2","30","17","24","0.5"
"VA222","3","8","17","144","0.5"
"VA222","3","17","17","144","0.5"
"VA222","3","30","17","144","0.5"
"VA222","1","8","30","0.413107732567895","0.5"
"VA222","1","17","30","1.18137073630548","0.5"
"VA222","1","30","30","3.04614413926753","0.5"
"VA222","2","8","30","14.5073673830975","0.5"
"VA222","2","17","30","16.2050671658559","0.5"
"VA222","2","30","30","19.0212791315854","0.5"
"VA222","3","8","30","180.006971229888","0.5"
"VA222","3","17","30","200.861365516047","0.5"
"VA222","3","30","30","257.538186765685","0.5"
"VA222","1","8","31","72.5004070656655","0.5"
"VA222","1","17","31","207.330564221612","0.5"
"VA222","1","30","31","534.598296441452","0.5"
"VA222","2","8","31","2546.04297573361","0.5"
"VA222","2","17","31","2843.98928760771","0.5"
"VA222","2","30","31","3338.23448759324","0.5"
"VA222","3","8","31","31591.2234508454","0.5"
"VA222","3","17","31","35251.1696480663","0.5"
"VA222","3","30","31","45197.9517773778","0.5"
"VA228","1","10","11","13.1252079652268","0.5"
"VA228","1","17","11","13.8392306758824","0.5"
"VA228","1","30","11","15.2544878179704","0.5"
"VA228","2","10","11","23.3026188268264","0.5"
"VA228","2","17","11","24.1248139087317","0.5"
"VA228","2","30","11","25.9563111264288","0.5"
"VA228","3","10","11",NA,"0.5"
"VA228","3","17","11",NA,"0.5"
"VA228","3","30","11",NA,"0.5"
"VA228","1","10","12","11.7287896702995","0.5"
"VA228","1","17","12","12.4943518121688","0.5"
"VA228","1","30","12","14.192060089248","0.5"
"VA228","2","10","12","25.0158982377408","0.5"
"VA228","2","17","12","26.7264495413272","0.5"
"VA228","2","30","12","30.9802834770675","0.5"
"VA228","3","10","12",NA,"0.5"
"VA228","3","17","12",NA,"0.5"
"VA228","3","30","12",NA,"0.5"
"VA228","1","10","13","7.46482557065731","0.5"
"VA228","1","17","13","8.56547383019623","0.5"
"VA228","1","30","13","11.3541521823865","0.5"
"VA228","2","10","13","5.53039862085565","0.5"
"VA228","2","17","13","6.32411327813885","0.5"
"VA228","2","30","13","8.53664099095329","0.5"
"VA228","3","10","13",NA,"0.5"
"VA228","3","17","13",NA,"0.5"
"VA228","3","30","13",NA,"0.5"
"VA228","1","10","14","6.90906143634787","0.5"
"VA228","1","17","14","7.06656044956139","0.5"
"VA228","1","30","14","7.38203045046918","0.5"
"VA228","2","10","14","8.79716880641258","0.5"
"VA228","2","17","14","8.97119286289338","0.5"
"VA228","2","30","14","9.35860181030628","0.5"
"VA228","3","10","14",NA,"0.5"
"VA228","3","17","14",NA,"0.5"
"VA228","3","30","14",NA,"0.5"
"VA228","1","10","17","622.222222222222","0.5"
"VA228","1","17","17","622.222222222222","0.5"
"VA228","1","30","17","622.222222222222","0.5"
"VA228","2","10","17","111.111111111111","0.5"
"VA228","2","17","17","111.111111111111","0.5"
"VA228","2","30","17","111.111111111111","0.5"
"VA228","3","10","17",NA,"0.5"
"VA228","3","17","17",NA,"0.5"
"VA228","3","30","17",NA,"0.5"
"VA228","1","10","30","77.2867775627173","0.5"
"VA228","1","17","30","91.3622927060654","0.5"
"VA228","1","30","30","128.539879958049","0.5"
"VA228","2","10","30","69.7270030514742","0.5"
"VA228","2","17","30","81.4416238806597","0.5"
"VA228","2","30","30","115.065977833118","0.5"
"VA228","3","10","30",NA,"0.5"
"VA228","3","17","30",NA,"0.5"
"VA228","3","30","30",NA,"0.5"
"VA228","1","10","31","13563.8294622569","0.5"
"VA228","1","17","31","16034.0823699145","0.5"
"VA228","1","30","31","22558.7489326377","0.5"
"VA228","2","10","31","12237.0890355337","0.5"
"VA228","2","17","31","14293.0049910558","0.5"
"VA228","2","30","31","20194.0791097123","0.5"
"VA228","3","10","31",NA,"0.5"
"VA228","3","17","31",NA,"0.5"
"VA228","3","30","31",NA,"0.5"
"VA401","1","4","11","17.8194912912632","0.5"
"VA401","1","17","11","18.2454396372629","0.5"
"VA401","1","30","11","19.2612350418702","0.5"
"VA401","2","4","11","23.1636243927028","0.5"
"VA401","2","17","11","23.9189915842835","0.5"
"VA401","2","30","11","25.0520607138478","0.5"
"VA401","3","4","11",NA,"0.5"
"VA401","3","17","11",NA,"0.5"
"VA401","3","30","11",NA,"0.5"
"VA401","1","4","12","16.994511531031","0.5"
"VA401","1","17","12","17.4933370311965","0.5"
"VA401","1","30","12","18.7019267319278","0.5"
"VA401","2","4","12","23.8973037191185","0.5"
"VA401","2","17","12","25.122670404375","0.5"
"VA401","2","30","12","27.0709411853799","0.5"
"VA401","3","4","12",NA,"0.5"
"VA401","3","17","12",NA,"0.5"
"VA401","3","30","12",NA,"0.5"
"VA401","1","4","13","5.30663595702676","0.5"
"VA401","1","17","13","5.64181934947219","0.5"
"VA401","1","30","13","6.47179376738096","0.5"
"VA401","2","4","13","12.4775175383863","0.5"
"VA401","2","17","13","13.8392065129152","0.5"
"VA401","2","30","13","16.1467406781465","0.5"
"VA401","3","4","13",NA,"0.5"
"VA401","3","17","13",NA,"0.5"
"VA401","3","30","13",NA,"0.5"
"VA401","1","4","14","11.7295972441178","0.5"
"VA401","1","17","14","12.1857323501321","0.5"
"VA401","1","30","14","12.8320346361851","0.5"
"VA401","2","4","14","10.9992621142595","0.5"
"VA401","2","17","14","11.3658873525805","0.5"
"VA401","2","30","14","12.012180665447","0.5"
"VA401","3","4","14",NA,"0.5"
"VA401","3","17","14",NA,"0.5"
"VA401","3","30","14",NA,"0.5"
"VA401","1","4","17","231.25","0.5"
"VA401","1","17","17","231.25","0.5"
"VA401","1","30","17","231.25","0.5"
"VA401","2","4","17","275","0.5"
"VA401","2","17","17","275","0.5"
"VA401","2","30","17","275","0.5"
"VA401","3","4","17",NA,"0.5"
"VA401","3","17","17",NA,"0.5"
"VA401","3","30","17",NA,"0.5"
"VA401","1","4","30","87.02701538559","0.5"
"VA401","1","17","30","95.5499932417084","0.5"
"VA401","1","30","30","115.351171159773","0.5"
"VA401","2","4","30","196.382582064043","0.5"
"VA401","2","17","30","225.99973703317","0.5"
"VA401","2","30","30","280.072167487405","0.5"
"VA401","3","4","30",NA,"0.5"
"VA401","3","17","30",NA,"0.5"
"VA401","3","30","30",NA,"0.5"
"VA401","1","4","31","15273.241200171","0.5"
"VA401","1","17","31","16769.0238139198","0.5"
"VA401","1","30","31","20244.1305385402","0.5"
"VA401","2","4","31","34465.1431522396","0.5"
"VA401","2","17","31","39662.9538493213","0.5"
"VA401","2","30","31","49152.6653940397","0.5"
"VA401","3","4","31",NA,"0.5"
"VA401","3","17","31",NA,"0.5"
"VA401","3","30","31",NA,"0.5"
"VA403","1","4","11","16.0400676577587","0.5"
"VA403","1","17","11","16.5100098190159","0.5"
"VA403","1","30","11","17.1389283389596","0.5"
"VA403","2","4","11","23.4828157816595","0.5"
"VA403","2","17","11","24.19318042241","0.5"
"VA403","2","30","11","24.9877293416344","0.5"
"VA403","3","4","11","27.9856122779165","0.5"
"VA403","3","17","11","27.6219031317488","0.5"
"VA403","3","30","11","28.3752333581782","0.5"
"VA403","1","4","12","14.6176587826332","0.5"
"VA403","1","17","12","15.1746760522827","0.5"
"VA403","1","30","12","15.95923761125","0.5"
"VA403","2","4","12","24.9907943945785","0.5"
"VA403","2","17","12","26.3637365922516","0.5"
"VA403","2","30","12","28.0225621523934","0.5"
"VA403","3","4","12","35.0523573493005","0.5"
"VA403","3","17","12","34.7344787414401","0.5"
"VA403","3","30","12","36.8048230454636","0.5"
"VA403","1","4","13","11.5507869754855","0.5"
"VA403","1","17","13","4.16504009157449","0.5"
"VA403","1","30","13","4.63588138179274","0.5"
"VA403","2","4","13","29.8130025154816","0.5"
"VA403","2","17","13","11.0687194002692","0.5"
"VA403","2","30","13","12.5477664953637","0.5"
"VA403","3","4","13","27.6141576385874","0.5"
"VA403","3","17","13","10.5180227517875","0.5"
"VA403","3","30","13","11.8313950130518","0.5"
"VA403","1","4","14","10.0868161063267","0.5"
"VA403","1","17","14","10.2772420996714","0.5"
"VA403","1","30","14","10.4661993249008","0.5"
"VA403","2","4","14","9.49669496418715","0.5"
"VA403","2","17","14","9.72315708498758","0.5"
"VA403","2","30","14","9.82784871009364","0.5"
"VA403","3","4","14",NA,"0.5"
"VA403","3","17","14",NA,"0.5"
"VA403","3","30","14",NA,"0.5"
"VA403","1","4","17","656.25","0.5"
"VA403","1","17","17","218.75","0.5"
"VA403","1","30","17","218.75","0.5"
"VA403","2","4","17","600","0.5"
"VA403","2","17","17","200","0.5"
"VA403","2","30","17","200","0.5"
"VA403","3","4","17","281.25","0.5"
"VA403","3","17","17","106.25","0.5"
"VA403","3","30","17","106.25","0.5"
"VA403","1","4","30","158.564867774586","0.5"
"VA403","1","17","30","57.9684259232119","0.5"
"VA403","1","30","30","65.0529239133344","0.5"
"VA403","2","4","30","398.302353461642","0.5"
"VA403","2","17","30","150.975446190498","0.5"
"VA403","2","30","30","172.544387357303","0.5"
"VA403","3","4","30",NA,"0.5"
"VA403","3","17","30",NA,"0.5"
"VA403","3","30","30",NA,"0.5"
"VA403","1","4","31","27828.1342944399","0.5"
"VA403","1","17","31","10173.4587495237","0.5"
"VA403","1","30","31","11416.7881467902","0.5"
"VA403","2","4","31","69902.0630325183","0.5"
"VA403","2","17","31","26496.1908064324","0.5"
"VA403","2","30","31","30281.5399812066","0.5"
"VA403","3","4","31",NA,"0.5"
"VA403","3","17","31",NA,"0.5"
"VA403","3","30","31",NA,"0.5"
